country,gt_NFL,gt_American_football,gt_Super_Bowl,gt_composite,iso3
Afghanistan,0,0,0,0.0,AF
Albania,0,0,0,0.0,AL
Algeria,0,0,0,0.0,DZ
American Samoa,0,0,0,0.0,AS
Andorra,0,0,0,0.0,AD
Angola,0,0,0,0.0,AO
Argentina,1,0,4,1.6666666666666667,AR
Armenia,0,0,0,0.0,AM
Aruba,0,0,0,0.0,AW
Australia,18,4,14,12.0,AU
Austria,8,7,12,9.0,AT
Azerbaijan,0,0,0,0.0,AZ
Bahrain,0,0,0,0.0,BH
Bangladesh,0,4,0,1.3333333333333333,BD
Barbados,0,0,0,0.0,BB
Belarus,0,0,0,0.0,BY
Belgium,0,3,4,2.3333333333333335,BE
Belize,0,0,0,0.0,BZ
Benin,0,0,0,0.0,BJ
Bermuda,0,0,0,0.0,BM
Bhutan,0,0,0,0.0,BT
Bolivia,0,0,0,0.0,BO
Botswana,0,0,0,0.0,BW
Brazil,4,0,4,2.6666666666666665,BR
British Virgin Islands,0,0,0,0.0,VG
Bulgaria,0,1,0,0.3333333333333333,BG
Burkina Faso,0,0,0,0.0,BF
Burundi,0,0,0,0.0,BI
Cambodia,0,0,0,0.0,KH
Cameroon,0,0,0,0.0,CM
Canada,49,4,45,32.666666666666664,CA
Cayman Islands,0,0,0,0.0,KY
Central African Republic,0,0,0,0.0,CF
Chad,0,0,0,0.0,TD
Chile,0,0,8,2.6666666666666665,CL
China,0,0,0,0.0,CN
Colombia,2,0,9,3.6666666666666665,CO
Comoros,0,0,0,0.0,KM
Costa Rica,0,0,24,8.0,CR
Croatia,0,2,0,0.6666666666666666,HR
Cuba,0,0,0,0.0,CU
Cyprus,0,0,0,0.0,CY
Czechia,0,1,0,0.3333333333333333,CZ
Denmark,0,4,12,5.333333333333333,DK
Djibouti,0,0,0,0.0,DJ
Dominica,0,0,0,0.0,DM
Dominican Republic,18,0,0,6.0,DO
Ecuador,0,0,0,0.0,EC
Egypt,0,1,0,0.3333333333333333,EGY
El Salvador,0,0,0,0.0,SV
Equatorial Guinea,0,0,0,0.0,GQ
Eritrea,0,0,0,0.0,ER
Estonia,0,0,0,0.0,EE
Eswatini,0,0,0,0.0,SZ
Ethiopia,0,0,0,0.0,ET
Faroe Islands,0,0,0,0.0,FO
Fiji,0,0,0,0.0,FJ
Finland,0,3,8,3.6666666666666665,FI
France,2,0,4,2.0,FR
French Polynesia,0,0,0,0.0,PF
Gabon,0,0,0,0.0,GA
Georgia,0,0,0,0.0,GE
Germany,10,7,17,11.333333333333334,DE
Ghana,0,5,0,1.6666666666666667,GH
Gibraltar,0,0,0,0.0,GI
Greece,0,1,0,0.3333333333333333,GR
Greenland,0,0,0,0.0,GL
Grenada,0,0,0,0.0,GD
Guam,0,0,0,0.0,GU
Guatemala,0,0,17,5.666666666666667,GT
Guinea,0,0,0,0.0,GN
Guinea-Bissau,0,0,0,0.0,GW
Guyana,0,0,0,0.0,GY
Haiti,0,0,0,0.0,HT
Honduras,0,0,0,0.0,HN
Hungary,0,2,6,2.6666666666666665,HU
Iceland,0,0,0,0.0,IS
India,0,0,1,0.3333333333333333,IN
Indonesia,0,1,0,0.3333333333333333,ID
Iraq,0,0,0,0.0,IQ
Ireland,17,18,16,17.0,IE
Isle of Man,0,0,0,0.0,IM
Israel,0,1,0,0.3333333333333333,IL
Italy,1,0,3,1.3333333333333333,IT
Jamaica,0,0,0,0.0,JM
Japan,1,0,0,0.3333333333333333,JP
Jordan,0,0,0,0.0,JO
Kazakhstan,0,0,0,0.0,KZ
Kenya,0,4,0,1.3333333333333333,KE
Kiribati,0,0,0,0.0,KI
Kosovo,0,0,0,0.0,XK
Kuwait,0,0,0,0.0,KW
Latvia,0,0,0,0.0,LV
Lebanon,0,0,0,0.0,LB
Lesotho,0,0,0,0.0,LS
Liberia,0,0,0,0.0,LR
Libya,0,0,0,0.0,LY
Liechtenstein,0,0,0,0.0,LI
Lithuania,0,0,0,0.0,LT
Luxembourg,0,0,0,0.0,LU
Madagascar,0,0,0,0.0,MG
Malawi,0,0,0,0.0,MW
Malaysia,0,2,0,0.6666666666666666,MY
Maldives,0,0,0,0.0,MV
Mali,0,0,0,0.0,ML
Malta,0,0,0,0.0,MT
Marshall Islands,0,0,0,0.0,MH
Mauritania,0,0,0,0.0,MR
Mauritius,0,0,0,0.0,MU
Mexico,34,1,38,24.333333333333332,MX
Moldova,0,0,0,0.0,MD
Monaco,0,0,0,0.0,MC
Mongolia,0,0,0,0.0,MN
Montenegro,0,0,0,0.0,ME
Morocco,0,1,0,0.3333333333333333,MA
Mozambique,0,0,0,0.0,MZ
Namibia,0,0,0,0.0,NA
Nauru,0,0,0,0.0,NR
Nepal,0,3,0,1.0,NP
Netherlands,0,5,4,3.0,NL
New Caledonia,0,0,0,0.0,NC
New Zealand,15,7,12,11.333333333333334,NZ
Nicaragua,0,0,0,0.0,NI
Niger,0,0,0,0.0,NE
Nigeria,0,7,0,2.3333333333333335,NG
North Macedonia,0,0,0,0.0,MK
Northern Mariana Islands,0,0,0,0.0,MP
Norway,0,4,0,1.3333333333333333,NO
Oman,0,0,0,0.0,OM
Pakistan,0,2,0,0.6666666666666666,PK
Palau,0,0,0,0.0,PW
Panama,0,0,0,0.0,PA
Papua New Guinea,0,100,0,33.333333333333336,PG
Paraguay,0,0,0,0.0,PY
Peru,0,0,4,1.3333333333333333,PE
Philippines,3,3,4,3.3333333333333335,PH
Poland,0,0,1,0.3333333333333333,PL
Portugal,0,1,6,2.3333333333333335,PT
Qatar,0,0,0,0.0,QA
Romania,0,1,0,0.3333333333333333,RO
Russia,0,0,0,0.0,RUS
Rwanda,0,0,0,0.0,RW
Samoa,0,0,0,0.0,WS
San Marino,0,0,0,0.0,SM
Saudi Arabia,0,0,0,0.0,SA
Senegal,0,0,0,0.0,SN
Serbia,0,2,0,0.6666666666666666,RS
Seychelles,0,0,0,0.0,SC
Sierra Leone,0,0,0,0.0,SL
Singapore,0,3,0,1.0,SG
Slovenia,0,0,0,0.0,SI
Solomon Islands,0,0,0,0.0,SB
South Africa,0,4,0,1.3333333333333333,ZA
South Korea,0,1,0,0.3333333333333333,KOR
South Sudan,0,0,0,0.0,SS
Spain,3,1,5,3.0,ES
Sri Lanka,0,0,0,0.0,LK
St. Lucia,0,0,0,0.0,LC
Sudan,0,0,0,0.0,SD
Suriname,0,0,0,0.0,SR
Sweden,0,4,8,4.0,SE
Switzerland,6,7,10,7.666666666666667,CH
Tajikistan,0,0,0,0.0,TJ
Tanzania,0,0,0,0.0,TZ
Thailand,0,1,0,0.3333333333333333,TH
Timor-Leste,0,0,0,0.0,TL
Togo,0,0,0,0.0,TG
Tonga,0,0,0,0.0,TO
Tunisia,0,0,0,0.0,TN
Turkmenistan,0,0,0,0.0,TM
Tuvalu,0,0,0,0.0,TV
Uganda,0,0,0,0.0,UG
Ukraine,0,0,0,0.0,UA
United Arab Emirates,0,3,0,1.0,AE
United Kingdom,10,14,10,11.333333333333334,GB
United States,100,9,100,69.66666666666667,US
Uruguay,0,0,0,0.0,UY
Uzbekistan,0,0,0,0.0,UZ
Vanuatu,0,0,0,0.0,VU
Vietnam,0,0,1,0.3333333333333333,VNM
Zambia,0,0,0,0.0,ZM
Zimbabwe,0,0,0,0.0,ZW
